1,Alabama,1,1979,70.62,53.27
2,Arizona,4,1979,70.27,51.69
3,Arkansas,5,1979,68.11,50.09
4,California,6,1979,68.57,48.95
5,Colorado,8,1979,55.46,36.37
6,Connecticut,9,1979,56.38,42.64
7,Delaware,10,1979,60.11,47.89
8,District of Columbia,11,1979,61.56,46.05
9,Florida,12,1979,79.05,63.78
10,Georgia,13,1979,71.83,54.6
11,Idaho,16,1979,53.99,37.04
12,Illinois,17,1979,58.25,39.87
13,Indiana,18,1979,57.2,40.77
14,Iowa,19,1979,54.68,36.59
15,Kansas,20,1979,64.41,42.76
16,Kentucky,21,1979,61.61,45.47
17,Louisiana,22,1979,74.19,56.54
18,Maine,23,1979,49.32,35.75
19,Maryland,24,1979,59.52,45.75
20,Massachusetts,25,1979,54.65,41.16
21,Michigan,26,1979,49.87,35.37
22,Minnesota,27,1979,46.93,30.26
23,Mississippi,28,1979,71.08,53.5
24,Missouri,29,1979,62.01,42.86
25,Montana,30,1979,52.39,34.8
26,Nebraska,31,1979,57.46,37.98
27,Nevada,32,1979,60.49,42.98
28,New Hampshire,33,1979,50.4,36.82
29,New Jersey,34,1979,58.84,44.5
30,New Mexico,35,1979,65.22,45.91
31,New York,36,1979,52.02,38.01
32,North Carolina,37,1979,66.33,50.13
33,North Dakota,38,1979,48.94,30.57
34,Ohio,39,1979,56.73,41.37
35,Oklahoma,40,1979,69.47,48.09
36,Oregon,41,1979,57.19,40.7
37,Pennsylvania,42,1979,54.64,39.74
38,Rhode Island,44,1979,57.02,42.97
39,South Carolina,45,1979,70.65,53.73
40,South Dakota,46,1979,55.02,35.96
41,Tennessee,47,1979,64.2,48.15
42,Texas,48,1979,76.17,54.77
43,Utah,49,1979,57.95,41.5
44,Vermont,50,1979,49.63,35.84
45,Virginia,51,1979,61.88,46.25
46,Washington,53,1979,55.73,40.37
47,West Virginia,54,1979,57.82,42.94
48,Wisconsin,55,1979,48.84,32.49
49,Wyoming,56,1979,52.21,34.75
50,Alabama,1,1980,72.11,54.53
51,Arizona,4,1980,71.34,52.88
52,Arkansas,5,1980,71.88,51.76
53,California,6,1980,68.59,49.26
54,Colorado,8,1980,57.12,38.39
55,Connecticut,9,1980,55.62,41.3
56,Delaware,10,1980,60.8,47.35
57,District of Columbia,11,1980,62.93,45.86
58,Florida,12,1980,79.57,63.62
59,Georgia,13,1980,72.98,55.28
60,Idaho,16,1980,53.82,38.47
61,Illinois,17,1980,60.39,42.45
62,Indiana,18,1980,58.62,42.47
63,Iowa,19,1980,57.92,39.52
64,Kansas,20,1980,67.75,45.83
65,Kentucky,21,1980,63.58,46.47
66,Louisiana,22,1980,76.77,57.68
67,Maine,23,1980,47.21,33.12
68,Maryland,24,1980,60.38,45.43
69,Massachusetts,25,1980,53.49,39.51
70,Michigan,26,1980,50.23,36.63
71,Minnesota,27,1980,50.33,32.65
72,Mississippi,28,1980,73.14,54.72
73,Missouri,29,1980,66.19,45.76
74,Montana,30,1980,53.73,36.73
75,Nebraska,31,1980,61.38,41.09
76,Nevada,32,1980,60.71,43.85
77,New Hampshire,33,1980,48.62,34.87
78,New Jersey,34,1980,59.41,43.79
79,New Mexico,35,1980,66.65,47.19
80,New York,36,1980,50.73,36.82
81,North Carolina,37,1980,67.05,50.15
82,North Dakota,38,1980,52.79,34.02
83,Ohio,39,1980,57.08,42.13
84,Oklahoma,40,1980,73.74,50.99
85,Oregon,41,1980,56.78,40.84
86,Pennsylvania,42,1980,54.72,39.49
87,Rhode Island,44,1980,56.35,41.22
88,South Carolina,45,1980,71.78,54.03
89,South Dakota,46,1980,58.93,39.3
90,Tennessee,47,1980,66.5,49.28
91,Texas,48,1980,78.68,56.38
92,Utah,49,1980,59.07,43.37
93,Vermont,50,1980,47.81,34.19
94,Virginia,51,1980,62.94,46.33
95,Washington,53,1980,54.41,40.42
96,West Virginia,54,1980,58.34,43.26
97,Wisconsin,55,1980,50.69,34.52
98,Wyoming,56,1980,53.2,36.61
99,Alabama,1,1981,72.55,53.97
100,Arizona,4,1981,72.86,54.26
101,Arkansas,5,1981,71.62,52.76
102,California,6,1981,69.56,50.22
103,Colorado,8,1981,59.15,40
104,Connecticut,9,1981,55.67,41.59
105,Delaware,10,1981,60.08,46.96
106,District of Columbia,11,1981,62.48,44.92
107,Florida,12,1981,79.41,62.16
108,Georgia,13,1981,73.31,53.97
109,Idaho,16,1981,54.95,38.97
110,Illinois,17,1981,60.51,43.41
111,Indiana,18,1981,59.27,42.97
112,Iowa,19,1981,59.27,40.71
113,Kansas,20,1981,68.52,47.19
114,Kentucky,21,1981,63.39,46.68
115,Louisiana,22,1981,77.13,58.71
116,Maine,23,1981,48.85,35.19
117,Maryland,24,1981,59.77,44.66
118,Massachusetts,25,1981,53.8,40.1
119,Michigan,26,1981,51.26,37.49
120,Minnesota,27,1981,52.37,35.35
121,Mississippi,28,1981,74.19,55.17
122,Missouri,29,1981,65.16,46.66
123,Montana,30,1981,55.53,38.61
124,Nebraska,31,1981,62.89,42.48
125,Nevada,32,1981,62.31,44.98
126,New Hampshire,33,1981,49.73,36.28
127,New Jersey,34,1981,58.67,43.55
128,New Mexico,35,1981,67.42,48.23
129,New York,36,1981,51.24,37.66
130,North Carolina,37,1981,67.12,49
131,North Dakota,38,1981,55,36.58
132,Ohio,39,1981,57.29,41.64
133,Oklahoma,40,1981,73.1,51.96
134,Oregon,41,1981,57.45,41.37
135,Pennsylvania,42,1981,54.32,38.99
136,Rhode Island,44,1981,55.98,41.55
137,South Carolina,45,1981,72.17,52.62
138,South Dakota,46,1981,60.26,40.76
139,Tennessee,47,1981,66.22,49.38
140,Texas,48,1981,77.56,57.23
141,Utah,49,1981,60.99,44.78
142,Vermont,50,1981,48.99,35.73
143,Virginia,51,1981,62.99,45.23
144,Washington,53,1981,56.07,41.57
145,West Virginia,54,1981,57.72,42.18
146,Wisconsin,55,1981,51.56,35.83
147,Wyoming,56,1981,55.49,38.35
148,Alabama,1,1982,72.69,56.06
149,Arizona,4,1982,69.41,51.85
150,Arkansas,5,1982,71.04,52.63
151,California,6,1982,65.7,47.95
152,Colorado,8,1982,55.54,36.88
153,Connecticut,9,1982,55.51,40.89
154,Delaware,10,1982,60.78,47.4
155,District of Columbia,11,1982,63.15,46.06
156,Florida,12,1982,80.24,65.88
157,Georgia,13,1982,73.29,57.27
158,Idaho,16,1982,50.67,35.63
159,Illinois,17,1982,58.95,41.95
160,Indiana,18,1982,59.37,42.98
161,Iowa,19,1982,54.59,37.66
162,Kansas,20,1982,64.78,44.06
163,Kentucky,21,1982,64.04,47.85
164,Louisiana,22,1982,76.95,59.28
165,Maine,23,1982,47.35,32.03
166,Maryland,24,1982,60.78,45.67
167,Massachusetts,25,1982,53.43,39.02
168,Michigan,26,1982,50.22,35.89
169,Minnesota,27,1982,47.77,30.94
170,Mississippi,28,1982,73.92,56.37
171,Missouri,29,1982,62.97,45.32
172,Montana,30,1982,49.85,33.73
173,Nebraska,31,1982,57.63,38.61
174,Nevada,32,1982,57.58,41.8
175,New Hampshire,33,1982,49.02,33.94
176,New Jersey,34,1982,58.97,43.52
177,New Mexico,35,1982,65.18,46.48
178,New York,36,1982,51.41,36.54
179,North Carolina,37,1982,67.57,51.7
180,North Dakota,38,1982,48.26,30.76
181,Ohio,39,1982,58.19,42.44
182,Oklahoma,40,1982,71.18,50.1
183,Oregon,41,1982,54.34,39.37
184,Pennsylvania,42,1982,55.24,39.61
185,Rhode Island,44,1982,55.96,41.01
186,South Carolina,45,1982,71.97,56.2
187,South Dakota,46,1982,53.71,36.01
188,Tennessee,47,1982,66.4,50.62
189,Texas,48,1982,78.05,56.76
190,Utah,49,1982,56.61,41.32
191,Vermont,50,1982,48.37,33.22
192,Virginia,51,1982,63.53,47.12
193,Washington,53,1982,53.99,39.83
194,West Virginia,54,1982,59.5,43.96
195,Wisconsin,55,1982,49.32,32.88
196,Wyoming,56,1982,50.55,34.11
197,Alabama,1,1983,70.11,53.79
198,Arizona,4,1983,69.38,52.58
199,Arkansas,5,1983,68.78,51.41
200,California,6,1983,65.97,49.12
201,Colorado,8,1983,54.63,37.29
202,Connecticut,9,1983,57.3,43.17
203,Delaware,10,1983,61.68,48.92
204,District of Columbia,11,1983,63.36,46.9
205,Florida,12,1983,78.09,63.33
206,Georgia,13,1983,71.16,54.68
207,Idaho,16,1983,52.31,37.53
208,Illinois,17,1983,60.18,43.65
209,Indiana,18,1983,60.02,44.1
210,Iowa,19,1983,56.04,39.78
211,Kansas,20,1983,64.17,44.36
212,Kentucky,21,1983,63.25,47.3
213,Louisiana,22,1983,73.61,57.13
214,Maine,23,1983,49.61,35.85
215,Maryland,24,1983,61.18,46.74
216,Massachusetts,25,1983,55.24,41.67
217,Michigan,26,1983,51.63,38.25
218,Minnesota,27,1983,49.77,34.09
219,Mississippi,28,1983,70.66,54.32
220,Missouri,29,1983,63.18,45.7
221,Montana,30,1983,52.71,36.45
222,Nebraska,31,1983,57.68,39.6
223,Nevada,32,1983,58.55,43.31
224,New Hampshire,33,1983,50.77,37.4
225,New Jersey,34,1983,60.4,45.39
226,New Mexico,35,1983,64.4,46.24
227,New York,36,1983,52.51,38.84
228,North Carolina,37,1983,66.78,50.7
229,North Dakota,38,1983,51.23,34.32
230,Ohio,39,1983,58.64,43.31
231,Oklahoma,40,1983,69.58,49.46
232,Oregon,41,1983,55.53,41.06
233,Pennsylvania,42,1983,56.05,41.12
234,Rhode Island,44,1983,57.94,43.31
235,South Carolina,45,1983,70.95,54.32
236,South Dakota,46,1983,55.87,38.47
237,Tennessee,47,1983,65.15,49.56
238,Texas,48,1983,76.1,55.34
239,Utah,49,1983,57.06,42.46
240,Vermont,50,1983,49.85,36.64
241,Virginia,51,1983,63.15,47.07
242,Washington,53,1983,54.85,40.98
243,West Virginia,54,1983,58.94,43.93
244,Wisconsin,55,1983,50.87,35.94
245,Wyoming,56,1983,51.16,35.35
246,Alabama,1,1984,72.03,54.79
247,Arizona,4,1984,70.21,52.51
248,Arkansas,5,1984,69.71,52.3
249,California,6,1984,67.9,48.99
250,Colorado,8,1984,54.3,36.87
251,Connecticut,9,1984,56.06,42.88
252,Delaware,10,1984,60.9,48.6
253,District of Columbia,11,1984,62.66,47.18
254,Florida,12,1984,79.02,63.55
255,Georgia,13,1984,72.88,55.68
256,Idaho,16,1984,50.16,35.13
257,Illinois,17,1984,59.75,43.04
258,Indiana,18,1984,59.05,43.38
259,Iowa,19,1984,55.83,39.26
260,Kansas,20,1984,65.43,45.08
261,Kentucky,21,1984,63.44,47.61
262,Louisiana,22,1984,75.67,58.43
263,Maine,23,1984,48.74,34.87
264,Maryland,24,1984,60.34,46.6
265,Massachusetts,25,1984,54.3,41.36
266,Michigan,26,1984,51,36.95
267,Minnesota,27,1984,49.56,33.05
268,Mississippi,28,1984,72.79,55.62
269,Missouri,29,1984,63.43,45.61
270,Montana,30,1984,52.2,35.9
271,Nebraska,31,1984,58.7,40.27
272,Nevada,32,1984,58.51,42.43
273,New Hampshire,33,1984,49.73,36.65
274,New Jersey,34,1984,59.31,45.13
275,New Mexico,35,1984,64.49,46.24
276,New York,36,1984,51.7,38.1
277,North Carolina,37,1984,67.35,51.43
278,North Dakota,38,1984,51.48,33.64
279,Ohio,39,1984,57.86,42.64
280,Oklahoma,40,1984,71.55,50.33
281,Oregon,41,1984,54.18,39.33
282,Pennsylvania,42,1984,55.13,40.53
283,Rhode Island,44,1984,56.61,43.05
284,South Carolina,45,1984,71.84,55.04
285,South Dakota,46,1984,55.8,38.07
286,Tennessee,47,1984,65.91,50.07
287,Texas,48,1984,77.67,56.42
288,Utah,49,1984,55.98,40.66
289,Vermont,50,1984,49.31,36.2
290,Virginia,51,1984,63.18,47.65
291,Washington,53,1984,53.02,39.17
292,West Virginia,54,1984,58.91,44.13
293,Wisconsin,55,1984,50.51,34.79
294,Wyoming,56,1984,50.11,34.17
295,Alabama,1,1985,71.78,55.25
296,Arizona,4,1985,69.92,52.17
297,Arkansas,5,1985,69.44,51.88
298,California,6,1985,67.88,48.32
299,Colorado,8,1985,54.77,36.58
300,Connecticut,9,1985,56.05,42.15
301,Delaware,10,1985,61.81,48.85
302,District of Columbia,11,1985,64.05,47.1
303,Florida,12,1985,80.02,64.2
304,Georgia,13,1985,73.36,56.18
305,Idaho,16,1985,50.22,33.78
306,Illinois,17,1985,59.25,42.03
307,Indiana,18,1985,59.37,43.1
308,Iowa,19,1985,55.98,37.41
309,Kansas,20,1985,63.91,43.68
310,Kentucky,21,1985,63.52,47.49
311,Louisiana,22,1985,75.55,58.7
312,Maine,23,1985,47.4,33.27
313,Maryland,24,1985,61.43,46.72
314,Massachusetts,25,1985,53.99,40.35
315,Michigan,26,1985,50.44,36.52
316,Minnesota,27,1985,48.05,30.81
317,Mississippi,28,1985,72.5,55.56
318,Missouri,29,1985,62.14,44.68
319,Montana,30,1985,50.24,33.14
320,Nebraska,31,1985,58.31,38.15
321,Nevada,32,1985,58.96,41.96
322,New Hampshire,33,1985,49.26,35.53
323,New Jersey,34,1985,60.03,45
324,New Mexico,35,1985,64.86,46.54
325,New York,36,1985,51.69,37.73
326,North Carolina,37,1985,68.07,51.44
327,North Dakota,38,1985,49.24,30.83
328,Ohio,39,1985,58.54,42.41
329,Oklahoma,40,1985,69.87,49.95
330,Oregon,41,1985,54.7,38.41
331,Pennsylvania,42,1985,55.76,40.39
332,Rhode Island,44,1985,56.29,42.09
333,South Carolina,45,1985,72.54,55.28
334,South Dakota,46,1985,55.29,35.64
335,Tennessee,47,1985,65.72,49.92
336,Texas,48,1985,76.92,56.52
337,Utah,49,1985,57.07,41.11
338,Vermont,50,1985,48.59,35.15
339,Virginia,51,1985,64.18,47.53
340,Washington,53,1985,52.3,37.15
341,West Virginia,54,1985,59.42,44.07
342,Wisconsin,55,1985,49.84,33.35
343,Wyoming,56,1985,50.36,32.94
344,Alabama,1,1986,73.97,56.55
345,Arizona,4,1986,71.54,53.59
346,Arkansas,5,1986,71.8,54.04
347,California,6,1986,69.4,50.06
348,Colorado,8,1986,57.74,39.49
349,Connecticut,9,1986,56.27,42.16
350,Delaware,10,1986,62.42,48.71
351,District of Columbia,11,1986,64.58,46.95
352,Florida,12,1986,80.13,65.18
353,Georgia,13,1986,74.95,57.39
354,Idaho,16,1986,54.39,38.51
355,Illinois,17,1986,61.5,44.82
356,Indiana,18,1986,60.71,45.01
357,Iowa,19,1986,57.36,40.61
358,Kansas,20,1986,68.17,47.65
359,Kentucky,21,1986,65.17,48.95
360,Louisiana,22,1986,76.91,59.9
361,Maine,23,1986,47.75,33.29
362,Maryland,24,1986,61.98,46.59
363,Massachusetts,25,1986,54.11,40.53
364,Michigan,26,1986,51.35,37.43
365,Minnesota,27,1986,50.1,33.27
366,Mississippi,28,1986,74.68,57.08
367,Missouri,29,1986,65.5,48.02
368,Montana,30,1986,54.06,37.36
369,Nebraska,31,1986,61.61,42.43
370,Nevada,32,1986,61.79,44.35
371,New Hampshire,33,1986,49.74,36
372,New Jersey,34,1986,60.19,44.92
373,New Mexico,35,1986,65.81,47.68
374,New York,36,1986,51.9,38.09
375,North Carolina,37,1986,69.5,52.31
376,North Dakota,38,1986,52.03,34.73
377,Ohio,39,1986,59.28,43.96
378,Oklahoma,40,1986,71.94,52.49
379,Oregon,41,1986,57.95,41.91
380,Pennsylvania,42,1986,56.01,40.75
381,Rhode Island,44,1986,56.41,42.26
382,South Carolina,45,1986,73.91,56.38
383,South Dakota,46,1986,57.11,39.27
384,Tennessee,47,1986,68.17,51.67
385,Texas,48,1986,77.78,57.7
386,Utah,49,1986,59.66,43.77
387,Vermont,50,1986,49.08,35.43
388,Virginia,51,1986,64.99,47.85
389,Washington,53,1986,56.05,41.24
390,West Virginia,54,1986,60.15,44.69
391,Wisconsin,55,1986,51.25,35.05
392,Wyoming,56,1986,53.61,36.97
393,Alabama,1,1987,72.22,55.01
394,Arizona,4,1987,70.1,52.29
395,Arkansas,5,1987,71.29,53.37
396,California,6,1987,69.29,49.48
397,Colorado,8,1987,56.43,38.23
398,Connecticut,9,1987,56.41,42.02
399,Delaware,10,1987,61.51,48.15
400,District of Columbia,11,1987,63.68,46.68
401,Florida,12,1987,78.77,63.8
402,Georgia,13,1987,72.62,55.33
403,Idaho,16,1987,55.68,38.74
404,Illinois,17,1987,63.22,45.98
405,Indiana,18,1987,62.36,46
406,Iowa,19,1987,60.37,43.53
407,Kansas,20,1987,66.76,47.07
408,Kentucky,21,1987,65.54,49.25
409,Louisiana,22,1987,75.55,58.1
410,Maine,23,1987,48.72,34.34
411,Maryland,24,1987,61.41,46.54
412,Massachusetts,25,1987,54.38,40.38
413,Michigan,26,1987,53.85,40.3
414,Minnesota,27,1987,54.73,37.85
415,Mississippi,28,1987,73.15,55.59
416,Missouri,29,1987,65.73,48.16
417,Montana,30,1987,56.21,38.49
418,Nebraska,31,1987,62.7,43.38
419,Nevada,32,1987,60.88,43.61
420,New Hampshire,33,1987,50,36.3
421,New Jersey,34,1987,59.8,44.76
422,New Mexico,35,1987,64.45,46.38
423,New York,36,1987,52.78,38.85
424,North Carolina,37,1987,67.43,50.95
425,North Dakota,38,1987,55.79,37.84
426,Ohio,39,1987,60.53,44.78
427,Oklahoma,40,1987,70.49,51.21
428,Oregon,41,1987,59.1,41.6
429,Pennsylvania,42,1987,56.67,41.56
430,Rhode Island,44,1987,56.99,41.94
431,South Carolina,45,1987,71.56,54.65
432,South Dakota,46,1987,60.61,41.7
433,Tennessee,47,1987,67.52,51.26
434,Texas,48,1987,76.23,56.24
435,Utah,49,1987,59.06,43.19
436,Vermont,50,1987,49.74,36.15
437,Virginia,51,1987,63.63,47.3
438,Washington,53,1987,57.78,41.87
439,West Virginia,54,1987,60.26,45.24
440,Wisconsin,55,1987,54.57,38.9
441,Wyoming,56,1987,53.68,36.93
442,Alabama,1,1988,71.99,53.64
443,Arizona,4,1988,71.18,52.57
444,Arkansas,5,1988,70.27,51.12
445,California,6,1988,69.52,49.49
446,Colorado,8,1988,56.33,37.36
447,Connecticut,9,1988,56.32,41.96
448,Delaware,10,1988,60.85,47
449,District of Columbia,11,1988,63.6,45.51
450,Florida,12,1988,78.41,62.9
451,Georgia,13,1988,72.62,54.34
452,Idaho,16,1988,54.4,37.74
453,Illinois,17,1988,62.77,42.76
454,Indiana,18,1988,61.62,43.31
455,Iowa,19,1988,60.3,39.38
456,Kansas,20,1988,68.04,45.72
457,Kentucky,21,1988,64.71,46.61
458,Louisiana,22,1988,75.55,57.09
459,Maine,23,1988,48.68,34.63
460,Maryland,24,1988,61.05,45.3
461,Massachusetts,25,1988,54.51,40.66
462,Michigan,26,1988,52.14,37.36
463,Minnesota,27,1988,52.21,32.7
464,Mississippi,28,1988,72.96,54.1
465,Missouri,29,1988,65.45,45.23
466,Montana,30,1988,55.27,37.35
467,Nebraska,31,1988,62.78,41.55
468,Nevada,32,1988,61.02,43.41
469,New Hampshire,33,1988,49.92,36.44
470,New Jersey,34,1988,59.66,43.81
471,New Mexico,35,1988,65.74,46.56
472,New York,36,1988,52.19,38.07
473,North Carolina,37,1988,67.2,49.48
474,North Dakota,38,1988,54.77,34.4
475,Ohio,39,1988,59.79,42.64
476,Oklahoma,40,1988,71.57,50.11
477,Oregon,41,1988,57.82,40.9
478,Pennsylvania,42,1988,56.19,40.26
479,Rhode Island,44,1988,56.92,42.02
480,South Carolina,45,1988,71.51,53.09
481,South Dakota,46,1988,59.47,39.1
482,Tennessee,47,1988,66.63,48.84
483,Texas,48,1988,78.03,56.23
484,Utah,49,1988,58.8,42.31
485,Vermont,50,1988,49.19,35.89
486,Virginia,51,1988,63.82,46.13
487,Washington,53,1988,55.7,40.7
488,West Virginia,54,1988,60.14,43.48
489,Wisconsin,55,1988,52.97,34.78
490,Wyoming,56,1988,53.59,36.14
491,Alabama,1,1989,71,54.57
492,Arizona,4,1989,72.96,52.97
493,Arkansas,5,1989,68.28,50.91
494,California,6,1989,69.12,48.72
495,Colorado,8,1989,56.95,37.2
496,Connecticut,9,1989,55.43,41.89
497,Delaware,10,1989,60.67,48.2
498,District of Columbia,11,1989,62.32,46.18
499,Florida,12,1989,80.07,64.43
500,Georgia,13,1989,72.6,55.76
501,Idaho,16,1989,53.08,36.84
502,Illinois,17,1989,59.99,42.51
503,Indiana,18,1989,58.98,43.47
504,Iowa,19,1989,57.35,38.36
505,Kansas,20,1989,66,44.02
506,Kentucky,21,1989,62.75,47.04
507,Louisiana,22,1989,74.49,57.73
508,Maine,23,1989,47.68,32.87
509,Maryland,24,1989,60.19,46.01
510,Massachusetts,25,1989,53.46,40.13
511,Michigan,26,1989,50.16,36.34
512,Minnesota,27,1989,49.03,30.63
513,Mississippi,28,1989,71.17,54.57
514,Missouri,29,1989,63.25,44.52
515,Montana,30,1989,51.75,34.85
516,Nebraska,31,1989,61.14,39.47
517,Nevada,32,1989,60.5,42.27
518,New Hampshire,33,1989,49.02,35.3
519,New Jersey,34,1989,59,44.66
520,New Mexico,35,1989,67.8,47.27
521,New York,36,1989,51.08,37.4
522,North Carolina,37,1989,66.81,50.87
523,North Dakota,38,1989,50.82,31.62
524,Ohio,39,1989,57.61,42.84
525,Oklahoma,40,1989,69.54,48.89
526,Oregon,41,1989,56.16,39.8
527,Pennsylvania,42,1989,55.05,40.37
528,Rhode Island,44,1989,55.65,42.07
529,South Carolina,45,1989,71.38,54.87
530,South Dakota,46,1989,56.46,36.76
531,Tennessee,47,1989,64.73,49.07
532,Texas,48,1989,77.45,55.68
533,Utah,49,1989,59.71,42.39
534,Vermont,50,1989,48.3,34.69
535,Virginia,51,1989,62.78,46.67
536,Washington,53,1989,54.88,40.13
537,West Virginia,54,1989,58.56,43.7
538,Wisconsin,55,1989,50.47,33.14
539,Wyoming,56,1989,52.5,35.04
540,Alabama,1,1990,74.68,56.32
541,Arizona,4,1990,70.81,52.18
542,Arkansas,5,1990,71.87,53.81
543,California,6,1990,68.91,48.54
544,Colorado,8,1990,57.16,38.16
545,Connecticut,9,1990,58.33,44
546,Delaware,10,1990,63.34,50.16
547,District of Columbia,11,1990,65.96,48.3
548,Florida,12,1990,81.48,65.66
549,Georgia,13,1990,76,57.72
550,Idaho,16,1990,54.05,37.68
551,Illinois,17,1990,62.89,45.43
552,Indiana,18,1990,62.12,45.79
553,Iowa,19,1990,59.18,41.54
554,Kansas,20,1990,68.27,46.75
555,Kentucky,21,1990,66.28,49.23
556,Louisiana,22,1990,77.73,59.56
557,Maine,23,1990,50.15,35.4
558,Maryland,24,1990,63.43,48.18
559,Massachusetts,25,1990,56.46,42.48
560,Michigan,26,1990,52.57,38.74
561,Minnesota,27,1990,52.34,34.3
562,Mississippi,28,1990,74.99,56.45
563,Missouri,29,1990,66.43,47.68
564,Montana,30,1990,54.23,36.64
565,Nebraska,31,1990,63.44,42.27
566,Nevada,32,1990,60.62,42.71
567,New Hampshire,33,1990,52.2,38.13
568,New Jersey,34,1990,61.94,46.76
569,New Mexico,35,1990,66.29,46.82
570,New York,36,1990,54.07,40.28
571,North Carolina,37,1990,70.2,52.96
572,North Dakota,38,1990,54.62,35.13
573,Ohio,39,1990,60.75,45.09
574,Oklahoma,40,1990,72.49,51.54
575,Oregon,41,1990,57.24,40.47
576,Pennsylvania,42,1990,58.28,42.86
577,Rhode Island,44,1990,58.7,44
578,South Carolina,45,1990,74.88,56.87
579,South Dakota,46,1990,59.86,39.94
580,Tennessee,47,1990,68.46,51.64
581,Texas,48,1990,78.4,57.49
582,Utah,49,1990,59.7,42.88
583,Vermont,50,1990,51.36,37.66
584,Virginia,51,1990,66.33,48.96
585,Washington,53,1990,55.63,40.85
586,West Virginia,54,1990,62.06,46.21
587,Wisconsin,55,1990,52.58,36.37
588,Wyoming,56,1990,53.41,36.08
589,Alabama,1,1991,72.68,56.6
590,Arizona,4,1991,70.33,51.91
591,Arkansas,5,1991,70.83,54.28
592,California,6,1991,68.94,48.8
593,Colorado,8,1991,56.43,37.81
594,Connecticut,9,1991,58.61,44.15
595,Delaware,10,1991,64.1,50.36
596,District of Columbia,11,1991,66.76,48.84
597,Florida,12,1991,79.84,65.73
598,Georgia,13,1991,73.4,57.63
599,Idaho,16,1991,54.01,37.93
600,Illinois,17,1991,62.97,45.74
601,Indiana,18,1991,62.73,46.68
602,Iowa,19,1991,58.55,40.66
603,Kansas,20,1991,69.42,47.27
604,Kentucky,21,1991,65.81,50.12
605,Louisiana,22,1991,75.61,59.96
606,Maine,23,1991,49.84,35.05
607,Maryland,24,1991,64.18,48.65
608,Massachusetts,25,1991,56.65,42.43
609,Michigan,26,1991,53.1,39.38
610,Minnesota,27,1991,51.3,34.35
611,Mississippi,28,1991,73.18,57.02
612,Missouri,29,1991,66.8,48.02
613,Montana,30,1991,54.32,37.33
614,Nebraska,31,1991,63.19,42.56
615,Nevada,32,1991,60.25,42.89
616,New Hampshire,33,1991,52.05,37.78
617,New Jersey,34,1991,62.53,46.61
618,New Mexico,35,1991,65.19,46.49
619,New York,36,1991,54.33,40.06
620,North Carolina,37,1991,68.99,52.94
621,North Dakota,38,1991,54.02,35.86
622,Ohio,39,1991,61.58,45.92
623,Oklahoma,40,1991,72.45,52.08
624,Oregon,41,1991,57.71,40.91
625,Pennsylvania,42,1991,58.88,43.22
626,Rhode Island,44,1991,59.13,44.06
627,South Carolina,45,1991,72.57,56.87
628,South Dakota,46,1991,59.33,40.47
629,Tennessee,47,1991,67.35,52.16
630,Texas,48,1991,76.9,57.5
631,Utah,49,1991,58.16,42.17
632,Vermont,50,1991,51.05,37.08
633,Virginia,51,1991,66.25,49.34
634,Washington,53,1991,55.83,40.93
635,West Virginia,54,1991,62.08,46.69
636,Wisconsin,55,1991,52.43,36.04
637,Wyoming,56,1991,53.13,36.41
638,Alabama,1,1992,71.16,54.5
639,Arizona,4,1992,70.39,52.83
640,Arkansas,5,1992,70.09,52.62
641,California,6,1992,69.91,50.45
642,Colorado,8,1992,56.23,38.17
643,Connecticut,9,1992,55.15,41.29
644,Delaware,10,1992,60.73,47.8
645,District of Columbia,11,1992,62.9,46.39
646,Florida,12,1992,79.04,64.03
647,Georgia,13,1992,71.72,55.54
648,Idaho,16,1992,55.88,39.21
649,Illinois,17,1992,61.32,44.31
650,Indiana,18,1992,60.38,44.57
651,Iowa,19,1992,57.28,40.78
652,Kansas,20,1992,66.49,46.44
653,Kentucky,21,1992,64.19,48.08
654,Louisiana,22,1992,75.18,58.38
655,Maine,23,1992,47.47,32.88
656,Maryland,24,1992,60.67,45.98
657,Massachusetts,25,1992,53.22,39.69
658,Michigan,26,1992,50.17,36.93
659,Minnesota,27,1992,49.88,33.54
660,Mississippi,28,1992,72.34,55.06
661,Missouri,29,1992,65.28,47.04
662,Montana,30,1992,54.9,37.66
663,Nebraska,31,1992,61.15,42.06
664,Nevada,32,1992,62.02,44.4
665,New Hampshire,33,1992,48.87,35.17
666,New Jersey,34,1992,59.06,44.18
667,New Mexico,35,1992,65.53,47.33
668,New York,36,1992,50.86,37.2
669,North Carolina,37,1992,67.11,50.96
670,North Dakota,38,1992,52.25,34.48
671,Ohio,39,1992,59.1,43.58
672,Oklahoma,40,1992,70.79,51.31
673,Oregon,41,1992,59.94,42.61
674,Pennsylvania,42,1992,55.65,40.45
675,Rhode Island,44,1992,55.39,41.26
676,South Carolina,45,1992,70.93,54.75
677,South Dakota,46,1992,57.95,39.41
678,Tennessee,47,1992,65.79,49.95
679,Texas,48,1992,76.6,57.02
680,Utah,49,1992,59.53,43.62
681,Vermont,50,1992,48.15,34.46
682,Virginia,51,1992,63.44,47.06
683,Washington,53,1992,57.86,42.41
684,West Virginia,54,1992,59.56,44.32
685,Wisconsin,55,1992,50.65,35.17
686,Wyoming,56,1992,53.7,36.79
687,Alabama,1,1993,71.56,55
688,Arizona,4,1993,70.6,52.53
689,Arkansas,5,1993,69.15,51.87
690,California,6,1993,67.54,48.8
691,Colorado,8,1993,54.84,36.54
692,Connecticut,9,1993,56.56,42.03
693,Delaware,10,1993,61.33,48.14
694,District of Columbia,11,1993,63.32,46.66
695,Florida,12,1993,79.37,64.17
696,Georgia,13,1993,72.86,55.91
697,Idaho,16,1993,51.55,35.69
698,Illinois,17,1993,58.98,44.07
699,Indiana,18,1993,59.31,44.66
700,Iowa,19,1993,53.77,38.86
701,Kansas,20,1993,62.86,44.4
702,Kentucky,21,1993,64.11,48.24
703,Louisiana,22,1993,74.7,58.07
704,Maine,23,1993,48.16,33.34
705,Maryland,24,1993,61,46.32
706,Massachusetts,25,1993,54.56,40.38
707,Michigan,26,1993,50.03,37.14
708,Minnesota,27,1993,48.15,32.42
709,Mississippi,28,1993,71.96,55.3
710,Missouri,29,1993,61.85,46
711,Montana,30,1993,50.61,34.34
712,Nebraska,31,1993,56.91,39.47
713,Nevada,32,1993,58.8,41.47
714,New Hampshire,33,1993,49.91,35.83
715,New Jersey,34,1993,60.07,44.74
716,New Mexico,35,1993,66.22,47.1
717,New York,36,1993,51.53,37.47
718,North Carolina,37,1993,67.81,51.29
719,North Dakota,38,1993,49.28,32.41
720,Ohio,39,1993,58.85,43.68
721,Oklahoma,40,1993,69.34,49.69
722,Oregon,41,1993,55.21,39.43
723,Pennsylvania,42,1993,55.85,40.77
724,Rhode Island,44,1993,57.42,42.09
725,South Carolina,45,1993,72.3,55.07
726,South Dakota,46,1993,53.68,36.67
727,Tennessee,47,1993,66.25,50.38
728,Texas,48,1993,76.83,56.25
729,Utah,49,1993,57.13,41.31
730,Vermont,50,1993,48.92,34.98
731,Virginia,51,1993,63.79,47.41
732,Washington,53,1993,54.04,39.33
733,West Virginia,54,1993,60.19,44.68
734,Wisconsin,55,1993,49.32,34.7
735,Wyoming,56,1993,50.19,33.75
736,Alabama,1,1994,72.07,55.55
737,Arizona,4,1994,72.1,53.46
738,Arkansas,5,1994,70.5,52.99
739,California,6,1994,68.75,48.94
740,Colorado,8,1994,58.31,39.25
741,Connecticut,9,1994,56.29,41.65
742,Delaware,10,1994,61.17,47.88
743,District of Columbia,11,1994,63.28,46.28
744,Florida,12,1994,79.94,65.9
745,Georgia,13,1994,72.79,56.59
746,Idaho,16,1994,55.6,39.09
747,Illinois,17,1994,61.31,43.8
748,Indiana,18,1994,60.79,44.02
749,Iowa,19,1994,57.14,39.71
750,Kansas,20,1994,67.91,46.63
751,Kentucky,21,1994,64.67,47.62
752,Louisiana,22,1994,75.75,59.09
753,Maine,23,1994,48.17,33.54
754,Maryland,24,1994,60.83,45.9
755,Massachusetts,25,1994,54.5,40.17
756,Michigan,26,1994,51.05,36.75
757,Minnesota,27,1994,50.75,33.93
758,Mississippi,28,1994,72.92,56.07
759,Missouri,29,1994,64.62,46.61
760,Montana,30,1994,54.12,36.89
761,Nebraska,31,1994,61.91,42.06
762,Nevada,32,1994,61.48,43.95
763,New Hampshire,33,1994,49.91,35.61
764,New Jersey,34,1994,59.78,44.13
765,New Mexico,35,1994,68.13,48.57
766,New York,36,1994,51.6,36.97
767,North Carolina,37,1994,68,51.25
768,North Dakota,38,1994,51.85,34.05
769,Ohio,39,1994,59.72,42.92
770,Oklahoma,40,1994,72.31,51.37
771,Oregon,41,1994,57.98,41.2
772,Pennsylvania,42,1994,55.71,39.87
773,Rhode Island,44,1994,56.99,41.98
774,South Carolina,45,1994,72.09,55.43
775,South Dakota,46,1994,57.42,38.74
776,Tennessee,47,1994,66.64,50.25
777,Texas,48,1994,78.6,57.73
778,Utah,49,1994,60.54,44.28
779,Vermont,50,1994,48.97,34.71
780,Virginia,51,1994,63.96,47.09
781,Washington,53,1994,56.58,41.43
782,West Virginia,54,1994,60.21,44.03
783,Wisconsin,55,1994,51.33,35.13
784,Wyoming,56,1994,54.8,37.67
785,Alabama,1,1995,72.35,54.71
786,Arizona,4,1995,72.22,53.33
787,Arkansas,5,1995,70.62,52.15
788,California,6,1995,68.55,49.78
789,Colorado,8,1995,56.26,37.88
790,Connecticut,9,1995,56.62,42.31
791,Delaware,10,1995,61.4,48.15
792,District of Columbia,11,1995,63.34,46.51
793,Florida,12,1995,79.23,64.33
794,Georgia,13,1995,72.78,55.76
795,Idaho,16,1995,53.19,37.79
796,Illinois,17,1995,59.96,43.58
797,Indiana,18,1995,59.91,44.25
798,Iowa,19,1995,55.97,39.81
799,Kansas,20,1995,65.89,45.51
800,Kentucky,21,1995,64.12,47.69
801,Louisiana,22,1995,76.08,58.72
802,Maine,23,1995,48.83,34.27
803,Maryland,24,1995,60.98,46.18
804,Massachusetts,25,1995,54.67,40.76
805,Michigan,26,1995,51.01,37.83
806,Minnesota,27,1995,49.18,33.23
807,Mississippi,28,1995,73.1,55.11
808,Missouri,29,1995,63.31,45.89
809,Montana,30,1995,51.19,35.27
810,Nebraska,31,1995,60.05,41.2
811,Nevada,32,1995,61.21,43.81
812,New Hampshire,33,1995,50.26,36.41
813,New Jersey,34,1995,60.18,44.65
814,New Mexico,35,1995,67.81,47.64
815,New York,36,1995,52.26,38.19
816,North Carolina,37,1995,66.95,50.96
817,North Dakota,38,1995,49.55,32.95
818,Ohio,39,1995,58.48,43.22
819,Oklahoma,40,1995,70.46,50.44
820,Oregon,41,1995,57.26,41.57
821,Pennsylvania,42,1995,55.93,40.74
822,Rhode Island,44,1995,57.36,42.43
823,South Carolina,45,1995,71.27,54.93
824,South Dakota,46,1995,54.94,38.09
825,Tennessee,47,1995,66.55,49.92
826,Texas,48,1995,77.85,56.92
827,Utah,49,1995,59.2,43.01
828,Vermont,50,1995,49.59,35.85
829,Virginia,51,1995,63.58,47.08
830,Washington,53,1995,54.95,40.8
831,West Virginia,54,1995,59.35,44.02
832,Wisconsin,55,1995,50.15,35.06
833,Wyoming,56,1995,51.42,35.35
834,Alabama,1,1996,71.51,53.79
835,Arizona,4,1996,73.47,53.65
836,Arkansas,5,1996,69.9,51.26
837,California,6,1996,69.3,50.22
838,Colorado,8,1996,55.9,37.08
839,Connecticut,9,1996,54.93,41.28
840,Delaware,10,1996,58.89,46.63
841,District of Columbia,11,1996,60.68,45.16
842,Florida,12,1996,78.94,63.26
843,Georgia,13,1996,72.34,54.57
844,Idaho,16,1996,51.8,36.04
845,Illinois,17,1996,58.47,41.3
846,Indiana,18,1996,57.93,42.18
847,Iowa,19,1996,53.7,36.49
848,Kansas,20,1996,64.8,44.11
849,Kentucky,21,1996,62.4,46.25
850,Louisiana,22,1996,76.22,57.91
851,Maine,23,1996,47.97,34.32
852,Maryland,24,1996,58.58,44.75
853,Massachusetts,25,1996,53.4,40.09
854,Michigan,26,1996,48.75,35.18
855,Minnesota,27,1996,46.45,28.68
856,Mississippi,28,1996,72.58,54.44
857,Missouri,29,1996,62.11,44.24
858,Montana,30,1996,48.93,32.34
859,Nebraska,31,1996,57.56,38.68
860,Nevada,32,1996,61.16,43.81
861,New Hampshire,33,1996,49.46,36.16
862,New Jersey,34,1996,57.83,43.42
863,New Mexico,35,1996,67.72,47.56
864,New York,36,1996,50.75,37.44
865,North Carolina,37,1996,65.98,49.78
866,North Dakota,38,1996,46.64,28.99
867,Ohio,39,1996,56.82,41.52
868,Oklahoma,40,1996,70.42,49.42
869,Oregon,41,1996,56.09,40.63
870,Pennsylvania,42,1996,54.19,39.39
871,Rhode Island,44,1996,55.58,41.65
872,South Carolina,45,1996,70.96,53.75
873,South Dakota,46,1996,51.96,34.27
874,Tennessee,47,1996,64.95,48.71
875,Texas,48,1996,78.64,56.17
876,Utah,49,1996,59.16,42.65
877,Vermont,50,1996,48.58,35.48
878,Virginia,51,1996,61.67,45.69
879,Washington,53,1996,52.83,38.83
880,West Virginia,54,1996,57.78,42.69
881,Wisconsin,55,1996,47.96,31.25
882,Wyoming,56,1996,50.84,33.94
883,Alabama,1,1997,70.99,54.85
884,Arizona,4,1997,71.92,53.05
885,Arkansas,5,1997,69.1,52.12
886,California,6,1997,69.15,50.07
887,Colorado,8,1997,54.09,36.28
888,Connecticut,9,1997,55.59,41.54
889,Delaware,10,1997,60.57,47.32
890,District of Columbia,11,1997,62.83,45.76
891,Florida,12,1997,79.49,65.06
892,Georgia,13,1997,72.28,55.99
893,Idaho,16,1997,51.51,36.04
894,Illinois,17,1997,59.7,43.15
895,Indiana,18,1997,59.08,43.39
896,Iowa,19,1997,56.11,39.17
897,Kansas,20,1997,64.77,45.41
898,Kentucky,21,1997,63.03,47.16
899,Louisiana,22,1997,74.69,58.55
900,Maine,23,1997,47.09,32.39
901,Maryland,24,1997,60.35,45.49
902,Massachusetts,25,1997,53.78,39.99
903,Michigan,26,1997,50.03,36.73
904,Minnesota,27,1997,49.3,32.29
905,Mississippi,28,1997,71.62,55.24
906,Missouri,29,1997,63.03,45.85
907,Montana,30,1997,51.19,35.08
908,Nebraska,31,1997,59.97,41.05
909,Nevada,32,1997,59.92,43.06
910,New Hampshire,33,1997,49.26,35.47
911,New Jersey,34,1997,59.27,43.94
912,New Mexico,35,1997,65.12,46.72
913,New York,36,1997,50.97,37.23
914,North Carolina,37,1997,66.81,50.51
915,North Dakota,38,1997,50.48,32.42
916,Ohio,39,1997,57.83,42.64
917,Oklahoma,40,1997,69.13,50.36
918,Oregon,41,1997,56.09,40.87
919,Pennsylvania,42,1997,55.16,40.1
920,Rhode Island,44,1997,56.39,41.59
921,South Carolina,45,1997,71.16,55.04
922,South Dakota,46,1997,54.64,37
923,Tennessee,47,1997,65.25,49.76
924,Texas,48,1997,75.65,56.04
925,Utah,49,1997,57.27,41.66
926,Vermont,50,1997,48.25,34.63
927,Virginia,51,1997,62.71,46.29
928,Washington,53,1997,54.09,40.42
929,West Virginia,54,1997,58.58,43.62
930,Wisconsin,55,1997,50.21,34.77
931,Wyoming,56,1997,50.62,34.23
932,Alabama,1,1998,74.36,57.54
933,Arizona,4,1998,70.11,51.7
934,Arkansas,5,1998,73.58,55.48
935,California,6,1998,65.98,48.55
936,Colorado,8,1998,56.02,38.04
937,Connecticut,9,1998,58.58,44.83
938,Delaware,10,1998,63.36,50.43
939,District of Columbia,11,1998,65.79,49.03
940,Florida,12,1998,81.2,65.58
941,Georgia,13,1998,75,58.17
942,Idaho,16,1998,53.02,37.88
943,Illinois,17,1998,63.59,47.69
944,Indiana,18,1998,63.44,48.23
945,Iowa,19,1998,59.59,43.68
946,Kansas,20,1998,67.96,48.45
947,Kentucky,21,1998,66.83,51.37
948,Louisiana,22,1998,78.45,60.31
949,Maine,23,1998,50.6,36.36
950,Maryland,24,1998,63.32,48.85
951,Massachusetts,25,1998,56.65,43.25
952,Michigan,26,1998,55.51,41.72
953,Minnesota,27,1998,54.31,38.23
954,Mississippi,28,1998,75.69,58.08
955,Missouri,29,1998,66.25,49.65
956,Montana,30,1998,53.76,37.75
957,Nebraska,31,1998,61.99,43.74
958,Nevada,32,1998,58.09,42.49
959,New Hampshire,33,1998,52.81,39.34
960,New Jersey,34,1998,62.53,47.15
961,New Mexico,35,1998,66.05,47.09
962,New York,36,1998,55.02,41.7
963,North Carolina,37,1998,69.38,53.44
964,North Dakota,38,1998,53.12,36.84
965,Ohio,39,1998,62.1,46.93
966,Oklahoma,40,1998,73.75,53.47
967,Oregon,41,1998,56.47,41.71
968,Pennsylvania,42,1998,58.96,44.15
969,Rhode Island,44,1998,58.67,44.64
970,South Carolina,45,1998,73.9,57.56
971,South Dakota,46,1998,57.93,41.02
972,Tennessee,47,1998,68.84,53.5
973,Texas,48,1998,79.56,58.4
974,Utah,49,1998,57.38,42.09
975,Vermont,50,1998,52.18,38.91
976,Virginia,51,1998,65.55,49.62
977,Washington,53,1998,56.76,42.56
978,West Virginia,54,1998,61.85,47.1
979,Wisconsin,55,1998,55.39,39.95
980,Wyoming,56,1998,52.06,36.13
981,Alabama,1,1999,74.05,54.8
982,Arizona,4,1999,72.41,52.26
983,Arkansas,5,1999,73.36,52.61
984,California,6,1999,68.51,48.68
985,Colorado,8,1999,56.98,38.08
986,Connecticut,9,1999,58.5,43.45
987,Delaware,10,1999,62.76,48.8
988,District of Columbia,11,1999,65.17,46.77
989,Florida,12,1999,80.36,63.81
990,Georgia,13,1999,74.76,55.67
991,Idaho,16,1999,53.3,36.82
992,Illinois,17,1999,62.48,44.09
993,Indiana,18,1999,62.65,44.64
994,Iowa,19,1999,58.82,40.75
995,Kansas,20,1999,67.31,46.83
996,Kentucky,21,1999,66.51,48.31
997,Louisiana,22,1999,78.52,58.52
998,Maine,23,1999,51.19,36.26
999,Maryland,24,1999,62.72,46.72
1000,Massachusetts,25,1999,56.57,42
1001,Michigan,26,1999,53.66,39.23
1002,Minnesota,27,1999,52.64,35.29
1003,Mississippi,28,1999,75.66,55.51
1004,Missouri,29,1999,65.68,46.62
1005,Montana,30,1999,53.97,37.22
1006,Nebraska,31,1999,62.94,42.91
1007,Nevada,32,1999,60.37,42.71
1008,New Hampshire,33,1999,52.33,38.07
1009,New Jersey,34,1999,61.81,45.53
1010,New Mexico,35,1999,67.61,47.24
1011,New York,36,1999,53.9,39.2
1012,North Carolina,37,1999,68.7,51.14
1013,North Dakota,38,1999,53.64,35.76
1014,Ohio,39,1999,61.6,43.6
1015,Oklahoma,40,1999,72.79,51.56
1016,Oregon,41,1999,56.28,40.2
1017,Pennsylvania,42,1999,57.99,41.41
1018,Rhode Island,44,1999,59.55,43.65
1019,South Carolina,45,1999,73.06,54.89
1020,South Dakota,46,1999,59.53,40.63
1021,Tennessee,47,1999,68.64,50.64
1022,Texas,48,1999,79.86,57.61
1023,Utah,49,1999,59.1,42.4
1024,Vermont,50,1999,51.23,37.11
1025,Virginia,51,1999,65.51,47.44
1026,Washington,53,1999,54.92,40.6
1027,West Virginia,54,1999,61.96,44.81
1028,Wisconsin,55,1999,53.48,37.05
1029,Wyoming,56,1999,53.67,36.47
1030,Alabama,1,2000,74.81,54.38
1031,Arizona,4,2000,73.16,53.39
1032,Arkansas,5,2000,72.64,52.5
1033,California,6,2000,69.24,49.71
1034,Colorado,8,2000,58.28,38.95
1035,Connecticut,9,2000,56.1,42.05
1036,Delaware,10,2000,60.65,47.46
1037,District of Columbia,11,2000,63.22,45.85
1038,Florida,12,2000,80.41,62.55
1039,Georgia,13,2000,74.03,54.78
1040,Idaho,16,2000,54.16,37.42
1041,Illinois,17,2000,62.05,44.04
1042,Indiana,18,2000,61.06,44.4
1043,Iowa,19,2000,60.15,40.52
1044,Kansas,20,2000,68.28,46.66
1045,Kentucky,21,2000,65.42,47.79
1046,Louisiana,22,2000,78.62,58.06
1047,Maine,23,2000,49.1,34.2
1048,Maryland,24,2000,60.83,45.64
1049,Massachusetts,25,2000,54.31,40.66
1050,Michigan,26,2000,52.73,38.68
1051,Minnesota,27,2000,52.92,34.6
1052,Mississippi,28,2000,76.17,55.14
1053,Missouri,29,2000,66.12,46.59
1054,Montana,30,2000,53.8,36.15
1055,Nebraska,31,2000,63.72,42.07
1056,Nevada,32,2000,61.82,44.04
1057,New Hampshire,33,2000,50.25,36.32
1058,New Jersey,34,2000,59.29,44.13
1059,New Mexico,35,2000,68.55,48.07
1060,New York,36,2000,51.94,38.01
1061,North Carolina,37,2000,67.37,50.07
1062,North Dakota,38,2000,53.35,34.36
1063,Ohio,39,2000,60,43.62
1064,Oklahoma,40,2000,72.34,51.21
1065,Oregon,41,2000,57.1,40.54
1066,Pennsylvania,42,2000,56.47,40.83
1067,Rhode Island,44,2000,56.49,42.26
1068,South Carolina,45,2000,71.92,53.95
1069,South Dakota,46,2000,59.09,38.89
1070,Tennessee,47,2000,68.47,50.15
1071,Texas,48,2000,79.35,57.21
1072,Utah,49,2000,60.61,43.87
1073,Vermont,50,2000,49.32,35.52
1074,Virginia,51,2000,64.13,46.44
1075,Washington,53,2000,54.71,39.74
1076,West Virginia,54,2000,60.88,44.18
1077,Wisconsin,55,2000,53.16,36.42
1078,Wyoming,56,2000,54.1,36.28
1079,Alabama,1,2001,72.4,54.83
1080,Arizona,4,2001,72.39,53.57
1081,Arkansas,5,2001,71.49,53.28
1082,California,6,2001,69.97,50.28
1083,Colorado,8,2001,57.68,38.78
1084,Connecticut,9,2001,57.75,42.87
1085,Delaware,10,2001,62.15,48.8
1086,District of Columbia,11,2001,64.8,47.06
1087,Florida,12,2001,80.09,63.96
1088,Georgia,13,2001,73.82,55.97
1089,Idaho,16,2001,54.4,37.48
1090,Illinois,17,2001,62.67,45.16
1091,Indiana,18,2001,61.66,45.72
1092,Iowa,19,2001,58.81,40.7
1093,Kansas,20,2001,67.96,47.27
1094,Kentucky,21,2001,65.71,48.88
1095,Louisiana,22,2001,75.73,58.62
1096,Maine,23,2001,51.14,35.41
1097,Maryland,24,2001,62.51,47.03
1098,Massachusetts,25,2001,56.08,41.63
1099,Michigan,26,2001,53.61,39.82
1100,Minnesota,27,2001,52.51,34.84
1101,Mississippi,28,2001,73.01,55.43
1102,Missouri,29,2001,65.77,47.77
1103,Montana,30,2001,54.63,37.39
1104,Nebraska,31,2001,62.2,42.67
1105,Nevada,32,2001,61.73,44.19
1106,New Hampshire,33,2001,52.63,38.06
1107,New Jersey,34,2001,61.35,45.34
1108,New Mexico,35,2001,67.36,47.75
1109,New York,36,2001,54.01,39.79
1110,North Carolina,37,2001,68.87,51.55
1111,North Dakota,38,2001,53.31,35.07
1112,Ohio,39,2001,60.71,44.83
1113,Oklahoma,40,2001,72.34,52.03
1114,Oregon,41,2001,57.46,40.75
1115,Pennsylvania,42,2001,58.17,42.29
1116,Rhode Island,44,2001,58.18,42.89
1117,South Carolina,45,2001,73.68,55.43
1118,South Dakota,46,2001,57.81,39.03
1119,Tennessee,47,2001,67.59,50.68
1120,Texas,48,2001,77.76,57.28
1121,Utah,49,2001,60.16,43.65
1122,Vermont,50,2001,51.77,37.44
1123,Virginia,51,2001,65.53,47.76
1124,Washington,53,2001,55.13,40.37
1125,West Virginia,54,2001,61.51,45.43
1126,Wisconsin,55,2001,53.75,37.46
1127,Wyoming,56,2001,54.2,36.78
1128,Alabama,1,2002,73.04,55.94
1129,Arizona,4,2002,72.97,52.24
1130,Arkansas,5,2002,70.24,52.93
1131,California,6,2002,69.66,49.06
1132,Colorado,8,2002,56.68,37.04
1133,Connecticut,9,2002,58.25,43.91
1134,Delaware,10,2002,64.12,50.01
1135,District of Columbia,11,2002,66.78,47.94
1136,Florida,12,2002,80.17,64.9
1137,Georgia,13,2002,74.43,56.95
1138,Idaho,16,2002,52.23,35.98
1139,Illinois,17,2002,61.88,45.21
1140,Indiana,18,2002,61.35,45.85
1141,Iowa,19,2002,58.91,41.21
1142,Kansas,20,2002,67.77,45.97
1143,Kentucky,21,2002,65.18,49.29
1144,Louisiana,22,2002,76,59.09
1145,Maine,23,2002,49.89,35.43
1146,Maryland,24,2002,64.04,47.9
1147,Massachusetts,25,2002,56.34,42.48
1148,Michigan,26,2002,52.2,38.86
1149,Minnesota,27,2002,50.49,34.75
1150,Mississippi,28,2002,73.1,56.27
1151,Missouri,29,2002,65.17,47.08
1152,Montana,30,2002,51.38,34.83
1153,Nebraska,31,2002,62.43,41.63
1154,Nevada,32,2002,60.51,42.56
1155,New Hampshire,33,2002,52.21,38.58
1156,New Jersey,34,2002,62.55,46.49
1157,New Mexico,35,2002,67.32,47.26
1158,New York,36,2002,53.91,40.16
1159,North Carolina,37,2002,69.67,52.37
1160,North Dakota,38,2002,51.11,34.13
1161,Ohio,39,2002,60.33,44.54
1162,Oklahoma,40,2002,71.28,50.54
1163,Oregon,41,2002,57.19,40.25
1164,Pennsylvania,42,2002,58.31,42.46
1165,Rhode Island,44,2002,58.44,43.84
1166,South Carolina,45,2002,73.88,56.33
1167,South Dakota,46,2002,57.55,39.24
1168,Tennessee,47,2002,67.28,51.36
1169,Texas,48,2002,77.44,56.71
1170,Utah,49,2002,58.45,41.61
1171,Vermont,50,2002,51.32,37.94
1172,Virginia,51,2002,66.48,48.61
1173,Washington,53,2002,55.19,40.17
1174,West Virginia,54,2002,61.37,45.59
1175,Wisconsin,55,2002,51.87,37.24
1176,Wyoming,56,2002,51.7,34.31
1177,Alabama,1,2003,72.46,54.96
1178,Arizona,4,2003,73.54,53.52
1179,Arkansas,5,2003,71.32,52.44
1180,California,6,2003,70.02,50.46
1181,Colorado,8,2003,57.9,38.76
1182,Connecticut,9,2003,55.6,41.75
1183,Delaware,10,2003,60.42,48.73
1184,District of Columbia,11,2003,61.99,47.3
1185,Florida,12,2003,79.62,64.26
1186,Georgia,13,2003,72.79,55.95
1187,Idaho,16,2003,54.32,38.21
1188,Illinois,17,2003,61.36,43.34
1189,Indiana,18,2003,59.95,44.05
1190,Iowa,19,2003,58.85,39.77
1191,Kansas,20,2003,67.77,46.22
1192,Kentucky,21,2003,63.95,47.95
1193,Louisiana,22,2003,76.62,58.4
1194,Maine,23,2003,48.67,33.86
1195,Maryland,24,2003,60.1,46.81
1196,Massachusetts,25,2003,53.95,40.17
1197,Michigan,26,2003,52.16,37.96
1198,Minnesota,27,2003,51.79,33.85
1199,Mississippi,28,2003,73.33,55.47
1200,Missouri,29,2003,65.22,45.99
1201,Montana,30,2003,53.81,37
1202,Nebraska,31,2003,62.8,41.9
1203,Nevada,32,2003,62,44.53
1204,New Hampshire,33,2003,50.37,35.95
1205,New Jersey,34,2003,58.87,45.01
1206,New Mexico,35,2003,68.84,48.19
1207,New York,36,2003,51.96,38.01
1208,North Carolina,37,2003,67.17,51.56
1209,North Dakota,38,2003,51.86,33.5
1210,Ohio,39,2003,58.52,43.19
1211,Oklahoma,40,2003,72.89,51.08
1212,Oregon,41,2003,58.12,42.08
1213,Pennsylvania,42,2003,55.64,40.87
1214,Rhode Island,44,2003,55.71,41.84
1215,South Carolina,45,2003,71.42,55.54
1216,South Dakota,46,2003,58.46,39.25
1217,Tennessee,47,2003,66.39,50.29
1218,Texas,48,2003,78.78,57.18
1219,Utah,49,2003,60.09,43.67
1220,Vermont,50,2003,49.57,35.3
1221,Virginia,51,2003,62.84,47.55
1222,Washington,53,2003,56.35,41.6
1223,West Virginia,54,2003,59.15,44.26
1224,Wisconsin,55,2003,52.67,35.6
1225,Wyoming,56,2003,53.64,36.72
1226,Alabama,1,2004,73.27,55.72
1227,Arizona,4,2004,71.31,52.08
1228,Arkansas,5,2004,71.55,53.05
1229,California,6,2004,69.57,49.46
1230,Colorado,8,2004,56.57,37.94
1231,Connecticut,9,2004,56.41,42.42
1232,Delaware,10,2004,61.66,49.44
1233,District of Columbia,11,2004,63.5,47.89
1234,Florida,12,2004,79.93,64.1
1235,Georgia,13,2004,73.82,56.49
1236,Idaho,16,2004,53.24,37.48
1237,Illinois,17,2004,62.05,44.6
1238,Indiana,18,2004,60.87,44.98
1239,Iowa,19,2004,58.7,40.57
1240,Kansas,20,2004,67.37,46.63
1241,Kentucky,21,2004,64.7,48.56
1242,Louisiana,22,2004,76.61,59.11
1243,Maine,23,2004,48.41,33.69
1244,Maryland,24,2004,61.36,47.53
1245,Massachusetts,25,2004,54.58,40.83
1246,Michigan,26,2004,52.49,38.68
1247,Minnesota,27,2004,51.16,33.56
1248,Mississippi,28,2004,73.68,56.19
1249,Missouri,29,2004,65.01,46.89
1250,Montana,30,2004,53.11,36.51
1251,Nebraska,31,2004,62.72,42.22
1252,Nevada,32,2004,60.28,42.99
1253,New Hampshire,33,2004,50.45,36.27
1254,New Jersey,34,2004,59.88,45.5
1255,New Mexico,35,2004,66.33,47
1256,New York,36,2004,52.49,38.51
1257,North Carolina,37,2004,67.63,51.82
1258,North Dakota,38,2004,51.71,33.33
1259,Ohio,39,2004,59.44,44.09
1260,Oklahoma,40,2004,72.45,51.94
1261,Oregon,41,2004,57.51,41.51
1262,Pennsylvania,42,2004,56.57,41.62
1263,Rhode Island,44,2004,56.56,42.19
1264,South Carolina,45,2004,72.37,55.73
1265,South Dakota,46,2004,58.75,39.33
1266,Tennessee,47,2004,66.97,50.97
1267,Texas,48,2004,77.6,57.64
1268,Utah,49,2004,58.08,42.02
1269,Vermont,50,2004,49.65,35.47
1270,Virginia,51,2004,63.73,48.17
1271,Washington,53,2004,56.48,41.92
1272,West Virginia,54,2004,60.28,45.32
1273,Wisconsin,55,2004,52.37,35.87
1274,Wyoming,56,2004,52.66,36.03
1275,Alabama,1,2005,73.12,55.27
1276,Arizona,4,2005,72.14,53.22
1277,Arkansas,5,2005,73.4,53.57
1278,California,6,2005,68.7,49.88
1279,Colorado,8,2005,57.77,38.96
1280,Connecticut,9,2005,57.22,43.05
1281,Delaware,10,2005,62.3,49.25
1282,District of Columbia,11,2005,64.03,47.71
1283,Florida,12,2005,79.37,64.18
1284,Georgia,13,2005,73.19,56.17
1285,Idaho,16,2005,52.92,36.79
1286,Illinois,17,2005,63.64,45.73
1287,Indiana,18,2005,62,45.79
1288,Iowa,19,2005,60.22,41.89
1289,Kansas,20,2005,68.04,47.57
1290,Kentucky,21,2005,65.87,49.16
1291,Louisiana,22,2005,78.12,59.11
1292,Maine,23,2005,49.46,35.18
1293,Maryland,24,2005,61.96,47.41
1294,Massachusetts,25,2005,55.45,41.77
1295,Michigan,26,2005,54.59,40.71
1296,Minnesota,27,2005,52.86,35.92
1297,Mississippi,28,2005,74.58,55.9
1298,Missouri,29,2005,66.47,47.84
1299,Montana,30,2005,53.34,36.62
1300,Nebraska,31,2005,63.79,43.35
1301,Nevada,32,2005,60.14,43.33
1302,New Hampshire,33,2005,51.37,37.85
1303,New Jersey,34,2005,60.73,45.42
1304,New Mexico,35,2005,67.71,48.21
1305,New York,36,2005,53.58,39.8
1306,North Carolina,37,2005,68.1,51.83
1307,North Dakota,38,2005,53.22,35.61
1308,Ohio,39,2005,60.11,44.5
1309,Oklahoma,40,2005,73.61,52.33
1310,Oregon,41,2005,56.95,40.83
1311,Pennsylvania,42,2005,57.3,41.97
1312,Rhode Island,44,2005,57.68,43.01
1313,South Carolina,45,2005,72.23,55.5
1314,South Dakota,46,2005,59.53,40.67
1315,Tennessee,47,2005,67.85,51.21
1316,Texas,48,2005,79.26,57.8
1317,Utah,49,2005,58.8,42.78
1318,Vermont,50,2005,50.94,37.59
1319,Virginia,51,2005,64.37,48.18
1320,Washington,53,2005,55.51,40.6
1321,West Virginia,54,2005,60.74,45.44
1322,Wisconsin,55,2005,54.43,37.71
1323,Wyoming,56,2005,53.6,36.63
1324,Alabama,1,2006,75.29,55.36
1325,Arizona,4,2006,72.82,52.73
1326,Arkansas,5,2006,75.08,53.25
1327,California,6,2006,69.13,49.53
1328,Colorado,8,2006,57.32,38.02
1329,Connecticut,9,2006,58.44,44.69
1330,Delaware,10,2006,63.85,50.67
1331,District of Columbia,11,2006,65.82,48.6
1332,Florida,12,2006,81.1,63.7
1333,Georgia,13,2006,75.64,56.45
1334,Idaho,16,2006,53.09,36.56
1335,Illinois,17,2006,64.22,45.96
1336,Indiana,18,2006,62.76,46.48
1337,Iowa,19,2006,60.96,42.66
1338,Kansas,20,2006,70.67,48.07
1339,Kentucky,21,2006,66.76,49.13
1340,Louisiana,22,2006,79.47,58.89
1341,Maine,23,2006,51.47,38.02
1342,Maryland,24,2006,63.56,48.5
1343,Massachusetts,25,2006,56.77,43.58
1344,Michigan,26,2006,54.9,41.83
1345,Minnesota,27,2006,53.71,36.5
1346,Mississippi,28,2006,76.59,55.69
1347,Missouri,29,2006,68.54,48.02
1348,Montana,30,2006,54.33,37.39
1349,Nebraska,31,2006,64.91,43.74
1350,Nevada,32,2006,59.97,42.54
1351,New Hampshire,33,2006,52.94,39.92
1352,New Jersey,34,2006,61.99,46.95
1353,New Mexico,35,2006,68.12,47.89
1354,New York,36,2006,54.47,41.51
1355,North Carolina,37,2006,69.31,52.06
1356,North Dakota,38,2006,54.74,36.54
1357,Ohio,39,2006,61.4,45.54
1358,Oklahoma,40,2006,76.3,52.49
1359,Oregon,41,2006,56.96,40.46
1360,Pennsylvania,42,2006,58.46,43.17
1361,Rhode Island,44,2006,58.73,44.85
1362,South Carolina,45,2006,73.96,55.77
1363,South Dakota,46,2006,60.66,41.56
1364,Tennessee,47,2006,69.28,51.2
1365,Texas,48,2006,81.06,58.08
1366,Utah,49,2006,58.5,41.89
1367,Vermont,50,2006,51.93,39.35
1368,Virginia,51,2006,66.01,48.55
1369,Washington,53,2006,56.26,40.89
1370,West Virginia,54,2006,61.73,45.67
1371,Wisconsin,55,2006,54.61,38.52
1372,Wyoming,56,2006,52.97,35.63
1373,Alabama,1,2007,76.7,55.73
1374,Arizona,4,2007,72.72,52.8
1375,Arkansas,5,2007,73.29,54.22
1376,California,6,2007,69.8,49.08
1377,Colorado,8,2007,56.59,37.53
1378,Connecticut,9,2007,57.61,42.7
1379,Delaware,10,2007,63.74,49.82
1380,District of Columbia,11,2007,66.24,47.89
1381,Florida,12,2007,81.11,64.46
1382,Georgia,13,2007,76.64,56.44
1383,Idaho,16,2007,54.14,37
1384,Illinois,17,2007,64,45.49
1385,Indiana,18,2007,63.26,45.84
1386,Iowa,19,2007,59.11,40.83
1387,Kansas,20,2007,66.5,46.72
1388,Kentucky,21,2007,68.36,49.47
1389,Louisiana,22,2007,77.68,59.42
1390,Maine,23,2007,48.95,34.12
1391,Maryland,24,2007,63.6,47.79
1392,Massachusetts,25,2007,55.62,41.12
1393,Michigan,26,2007,54.77,40.45
1394,Minnesota,27,2007,53.2,34.78
1395,Mississippi,28,2007,76.79,56.59
1396,Missouri,29,2007,66.58,47.74
1397,Montana,30,2007,54,36.67
1398,Nebraska,31,2007,61.93,42.38
1399,Nevada,32,2007,60.96,42.72
1400,New Hampshire,33,2007,51.09,36.91
1401,New Jersey,34,2007,61.32,45.6
1402,New Mexico,35,2007,66.81,47.43
1403,New York,36,2007,53.46,39.33
1404,North Carolina,37,2007,70.8,51.97
1405,North Dakota,38,2007,53.65,34.86
1406,Ohio,39,2007,61.55,44.45
1407,Oklahoma,40,2007,70.87,51.75
1408,Oregon,41,2007,56.68,39.97
1409,Pennsylvania,42,2007,57.74,41.81
1410,Rhode Island,44,2007,58.37,42.32
1411,South Carolina,45,2007,75.17,55.63
1412,South Dakota,46,2007,58.8,39.67
1413,Tennessee,47,2007,71.32,51.9
1414,Texas,48,2007,76.91,57.11
1415,Utah,49,2007,59.63,42.21
1416,Vermont,50,2007,50.17,36.12
1417,Virginia,51,2007,66.69,48.44
1418,Washington,53,2007,54.98,40
1419,West Virginia,54,2007,62.37,45.46
1420,Wisconsin,55,2007,54.3,37.15
1421,Wyoming,56,2007,53.33,35.77
1422,Alabama,1,2008,73.7,53.83
1423,Arizona,4,2008,71.37,51.67
1424,Arkansas,5,2008,70.97,51.41
1425,California,6,2008,69.66,49
1426,Colorado,8,2008,55.95,36.22
1427,Connecticut,9,2008,57.58,43.23
1428,Delaware,10,2008,63.52,49.57
1429,District of Columbia,11,2008,65,47.52
1430,Florida,12,2008,79.52,62.84
1431,Georgia,13,2008,74.04,54.67
1432,Idaho,16,2008,51.73,34.54
1433,Illinois,17,2008,60.21,42.92
1434,Indiana,18,2008,60.26,43.63
1435,Iowa,19,2008,55.51,37.88
1436,Kansas,20,2008,65.68,45.01
1437,Kentucky,21,2008,65.11,46.86
1438,Louisiana,22,2008,77.39,57.69
1439,Maine,23,2008,49.97,35.57
1440,Maryland,24,2008,62.71,47.31
1441,Massachusetts,25,2008,55.68,41.79
1442,Michigan,26,2008,52.3,38.45
1443,Minnesota,27,2008,49.82,31.74
1444,Mississippi,28,2008,74.37,54.46
1445,Missouri,29,2008,63.16,45.25
1446,Montana,30,2008,51.93,34.73
1447,Nebraska,31,2008,59.71,40.11
1448,Nevada,32,2008,59.87,41.5
1449,New Hampshire,33,2008,51.65,37.68
1450,New Jersey,34,2008,61.31,45.54
1451,New Mexico,35,2008,66.06,45.79
1452,New York,36,2008,53.09,39.18
1453,North Carolina,37,2008,69.22,50.78
1454,North Dakota,38,2008,50.91,32.25
1455,Ohio,39,2008,59.22,42.81
1456,Oklahoma,40,2008,71.91,49.92
1457,Oregon,41,2008,55.59,38.69
1458,Pennsylvania,42,2008,56.89,41.15
1459,Rhode Island,44,2008,58.11,43.28
1460,South Carolina,45,2008,72.93,54.07
1461,South Dakota,46,2008,55.79,36.95
1462,Tennessee,47,2008,67.97,49.32
1463,Texas,48,2008,78.99,55.97
1464,Utah,49,2008,57.36,39.96
1465,Vermont,50,2008,50.67,36.94
1466,Virginia,51,2008,65.77,47.31
1467,Washington,53,2008,54,38.61
1468,West Virginia,54,2008,60.37,43.86
1469,Wisconsin,55,2008,51.22,34.15
1470,Wyoming,56,2008,50.79,33.34
1471,Alabama,1,2009,75.09,54.83
1472,Arizona,4,2009,73.07,51.95
1473,Arkansas,5,2009,72.47,52.11
1474,California,6,2009,69.82,48.89
1475,Colorado,8,2009,56.23,36.64
1476,Connecticut,9,2009,56.48,42.55
1477,Delaware,10,2009,61.93,49.21
1478,District of Columbia,11,2009,63.9,47.37
1479,Florida,12,2009,82.09,62.79
1480,Georgia,13,2009,75.51,55.74
1481,Idaho,16,2009,51.87,35.1
1482,Illinois,17,2009,60.5,43.88
1483,Indiana,18,2009,60.51,44.48
1484,Iowa,19,2009,57.4,39.29
1485,Kansas,20,2009,66.75,45.36
1486,Kentucky,21,2009,64.21,47.7
1487,Louisiana,22,2009,79.64,58.15
1488,Maine,23,2009,49.4,35.19
1489,Maryland,24,2009,61.65,47.15
1490,Massachusetts,25,2009,54.68,40.93
1491,Michigan,26,2009,52.18,38.15
1492,Minnesota,27,2009,51.1,33.28
1493,Mississippi,28,2009,76.09,55.16
1494,Missouri,29,2009,63.59,45.76
1495,Montana,30,2009,51.75,34.45
1496,Nebraska,31,2009,60.52,40.26
1497,Nevada,32,2009,59.64,41.87
1498,New Hampshire,33,2009,50.89,36.94
1499,New Jersey,34,2009,59.78,45.44
1500,New Mexico,35,2009,68.22,46.75
1501,New York,36,2009,52.7,38.84
1502,North Carolina,37,2009,69.29,51.33
1503,North Dakota,38,2009,50.36,32.25
1504,Ohio,39,2009,59.42,43.4
1505,Oklahoma,40,2009,73.92,50.78
1506,Oregon,41,2009,56.72,39.45
1507,Pennsylvania,42,2009,56.55,41.36
1508,Rhode Island,44,2009,56.69,42.58
1509,South Carolina,45,2009,74.28,54.98
1510,South Dakota,46,2009,55.88,37.24
1511,Tennessee,47,2009,67.53,50
1512,Texas,48,2009,80.88,56.95
1513,Utah,49,2009,57.52,40.62
1514,Vermont,50,2009,50.25,36.5
1515,Virginia,51,2009,64.35,47.36
1516,Washington,53,2009,55.38,39.25
1517,West Virginia,54,2009,59.69,44.27
1518,Wisconsin,55,2009,52.71,35.41
1519,Wyoming,56,2009,50.78,33.62
1520,Alabama,1,2010,73.19,53.53
1521,Arizona,4,2010,71.66,51.89
1522,Arkansas,5,2010,73.01,52.88
1523,California,6,2010,67.74,48.58
1524,Colorado,8,2010,57.48,37.27
1525,Connecticut,9,2010,58.8,43.96
1526,Delaware,10,2010,63.2,49.26
1527,District of Columbia,11,2010,65.37,47.29
1528,Florida,12,2010,78.72,60.54
1529,Georgia,13,2010,73.65,54.14
1530,Idaho,16,2010,52.47,35.88
1531,Illinois,17,2010,63.56,45.13
1532,Indiana,18,2010,63.62,45.55
1533,Iowa,19,2010,58.8,40.23
1534,Kansas,20,2010,68.84,46.84
1535,Kentucky,21,2010,65.85,48.4
1536,Louisiana,22,2010,78.47,57.2
1537,Maine,23,2010,51.75,38.43
1538,Maryland,24,2010,63.12,47.28
1539,Massachusetts,25,2010,57.08,42.99
1540,Michigan,26,2010,55.46,41.34
1541,Minnesota,27,2010,53.82,35.16
1542,Mississippi,28,2010,74.77,54.47
1543,Missouri,29,2010,66.13,46.97
1544,Montana,30,2010,52.2,35.29
1545,Nebraska,31,2010,62.47,41.56
1546,Nevada,32,2010,59.2,41.8
1547,New Hampshire,33,2010,53.1,39.52
1548,New Jersey,34,2010,61.91,45.63
1549,New Mexico,35,2010,67.07,46.6
1550,New York,36,2010,54.58,40.61
1551,North Carolina,37,2010,68.39,50.4
1552,North Dakota,38,2010,52.9,34.64
1553,Ohio,39,2010,61.8,44.4
1554,Oklahoma,40,2010,73.54,51.49
1555,Oregon,41,2010,55.95,39.95
1556,Pennsylvania,42,2010,58.4,42.02
1557,Rhode Island,44,2010,59.43,44.22
1558,South Carolina,45,2010,72.86,53.62
1559,South Dakota,46,2010,57.76,38.54
1560,Tennessee,47,2010,67.58,50.24
1561,Texas,48,2010,78.65,56.03
1562,Utah,49,2010,57.31,40.61
1563,Vermont,50,2010,51.98,38.74
1564,Virginia,51,2010,65.1,47.24
1565,Washington,53,2010,55.05,40.3
1566,West Virginia,54,2010,61.15,44.61
1567,Wisconsin,55,2010,55.3,37.65
1568,Wyoming,56,2010,52.4,34.58
1569,Alabama,1,2011,76.75,54.37
1570,Arizona,4,2011,71.69,51.22
1571,Arkansas,5,2011,76.04,53.18
1572,California,6,2011,67.43,47.85
1573,Colorado,8,2011,57.23,36.75
1574,Connecticut,9,2011,58.48,44.09
1575,Delaware,10,2011,64.07,50.36
1576,District of Columbia,11,2011,66.27,48.65
1577,Florida,12,2011,82.15,62.92
1578,Georgia,13,2011,77.2,55.53
1579,Idaho,16,2011,51.7,35.05
1580,Illinois,17,2011,64.39,45.35
1581,Indiana,18,2011,63.26,45.9
1582,Iowa,19,2011,60.84,40.69
1583,Kansas,20,2011,70.82,46.61
1584,Kentucky,21,2011,66.56,49
1585,Louisiana,22,2011,81.53,57.45
1586,Maine,23,2011,50.76,36.69
1587,Maryland,24,2011,63.86,48.44
1588,Massachusetts,25,2011,56.74,42.74
1589,Michigan,26,2011,53.92,39.85
1590,Minnesota,27,2011,53.29,34.3
1591,Mississippi,28,2011,78.08,54.88
1592,Missouri,29,2011,68.19,47.23
1593,Montana,30,2011,51.69,34.74
1594,Nebraska,31,2011,63.53,41.45
1595,Nevada,32,2011,58.38,40.7
1596,New Hampshire,33,2011,52.83,38.91
1597,New Jersey,34,2011,61.91,46.58
1598,New Mexico,35,2011,68,46.32
1599,New York,36,2011,54.72,40.71
1600,North Carolina,37,2011,70.98,51.74
1601,North Dakota,38,2011,52.56,33.86
1602,Ohio,39,2011,61.3,45.01
1603,Oklahoma,40,2011,77.1,51.89
1604,Oregon,41,2011,55.19,38.86
1605,Pennsylvania,42,2011,58.66,42.84
1606,Rhode Island,44,2011,58.79,44.28
1607,South Carolina,45,2011,75.69,54.94
1608,South Dakota,46,2011,58.5,38.58
1609,Tennessee,47,2011,69.49,50.92
1610,Texas,48,2011,82.45,56.88
1611,Utah,49,2011,56.96,40.19
1612,Vermont,50,2011,51.96,38.29
1613,Virginia,51,2011,67.59,48.77
1614,Washington,53,2011,53.71,38.64
1615,West Virginia,54,2011,62.75,45.89
1616,Wisconsin,55,2011,54.29,36.89
1617,Wyoming,56,2011,51.55,34
